Query,i,BHE/SQL
91,262659,10.5133010301584
92,2092,14.7864089197472
93,520,0.843709361889792
94,7215,2.51933101896351
95,71,2.79978910587677
96,1033,1.54399658498524
97,59,1.0544508271799
98,33554689,0.328647111372451
99,77,0.647719177230219
100,29,3.66196725204392

